model,accuracy,macro_f1
Audio CNN,0.4266666666666667,0.36023312326545864
Text LSTM,0.13333333333333333,0.029411764705882353
Early Fusion,0.4866666666666667,0.418370624623306
